{"FO_MEAN": 289.8129577636719, "F0_STD": 156.2294158935547}